device,storage,scenario,implementation,scheduler_threads,elapsed_time(ms)
omen,maps,r,central,1,58.0
omen,maps,r,central,10,61.0
omen,maps,r,central,11,59.0
omen,maps,r,central,12,59.0
omen,maps,r,central,13,60.0
omen,maps,r,central,14,61.0
omen,maps,r,central,15,59.0
omen,maps,r,central,16,60.0
omen,maps,r,central,17,63.0
omen,maps,r,central,18,59.0
omen,maps,r,central,19,60.0
omen,maps,r,central,2,60.0
omen,maps,r,central,20,60.0
omen,maps,r,central,21,61.0
omen,maps,r,central,22,60.0
omen,maps,r,central,23,59.0
omen,maps,r,central,24,61.0
omen,maps,r,central,25,61.0
omen,maps,r,central,26,60.0
omen,maps,r,central,27,60.0
omen,maps,r,central,28,61.0
omen,maps,r,central,29,61.0
omen,maps,r,central,3,58.0
omen,maps,r,central,30,60.0
omen,maps,r,central,31,59.0
omen,maps,r,central,32,61.0
omen,maps,r,central,33,60.0
omen,maps,r,central,34,61.0
omen,maps,r,central,35,61.0
omen,maps,r,central,36,60.0
omen,maps,r,central,37,60.0
omen,maps,r,central,38,62.0
omen,maps,r,central,39,59.0
omen,maps,r,central,4,58.0
omen,maps,r,central,40,61.0
omen,maps,r,central,41,60.0
omen,maps,r,central,42,61.0
omen,maps,r,central,43,61.0
omen,maps,r,central,44,61.0
omen,maps,r,central,45,61.0
omen,maps,r,central,46,62.0
omen,maps,r,central,47,61.0
omen,maps,r,central,48,60.0
omen,maps,r,central,49,60.0
omen,maps,r,central,5,59.0
omen,maps,r,central,50,62.0
omen,maps,r,central,51,60.0
omen,maps,r,central,52,60.0
omen,maps,r,central,53,60.0
omen,maps,r,central,54,62.0
omen,maps,r,central,55,61.0
omen,maps,r,central,56,62.0
omen,maps,r,central,57,59.0
omen,maps,r,central,58,60.0
omen,maps,r,central,59,61.0
omen,maps,r,central,6,60.0
omen,maps,r,central,60,61.0
omen,maps,r,central,61,60.0
omen,maps,r,central,62,60.0
omen,maps,r,central,63,60.0
omen,maps,r,central,64,60.0
omen,maps,r,central,7,61.0
omen,maps,r,central,8,60.0
omen,maps,r,central,9,60.0
omen,maps,r,shard,1,42.0
omen,maps,r,shard,10,42.0
omen,maps,r,shard,11,45.0
omen,maps,r,shard,12,42.0
omen,maps,r,shard,13,42.0
omen,maps,r,shard,14,42.0
omen,maps,r,shard,15,42.0
omen,maps,r,shard,16,43.0
omen,maps,r,shard,17,42.0
omen,maps,r,shard,18,43.0
omen,maps,r,shard,19,44.0
omen,maps,r,shard,2,41.0
omen,maps,r,shard,20,42.0
omen,maps,r,shard,21,42.0
omen,maps,r,shard,22,43.0
omen,maps,r,shard,23,43.0
omen,maps,r,shard,24,43.0
omen,maps,r,shard,25,42.0
omen,maps,r,shard,26,43.0
omen,maps,r,shard,27,42.0
omen,maps,r,shard,28,42.0
omen,maps,r,shard,29,44.0
omen,maps,r,shard,3,42.0
omen,maps,r,shard,30,43.0
omen,maps,r,shard,31,43.0
omen,maps,r,shard,32,43.0
omen,maps,r,shard,33,43.0
omen,maps,r,shard,34,43.0
omen,maps,r,shard,35,104.0
omen,maps,r,shard,36,44.0
omen,maps,r,shard,37,43.0
omen,maps,r,shard,38,42.0
omen,maps,r,shard,39,43.0
omen,maps,r,shard,4,43.0
omen,maps,r,shard,40,42.0
omen,maps,r,shard,41,43.0
omen,maps,r,shard,42,43.0
omen,maps,r,shard,43,43.0
omen,maps,r,shard,44,43.0
omen,maps,r,shard,45,43.0
omen,maps,r,shard,46,45.0
omen,maps,r,shard,47,43.0
omen,maps,r,shard,48,44.0
omen,maps,r,shard,49,44.0
omen,maps,r,shard,5,43.0
omen,maps,r,shard,50,43.0
omen,maps,r,shard,51,44.0
omen,maps,r,shard,52,43.0
omen,maps,r,shard,53,43.0
omen,maps,r,shard,54,44.0
omen,maps,r,shard,55,45.0
omen,maps,r,shard,56,45.0
omen,maps,r,shard,57,44.0
omen,maps,r,shard,58,43.0
omen,maps,r,shard,59,45.0
omen,maps,r,shard,6,42.0
omen,maps,r,shard,60,42.0
omen,maps,r,shard,61,42.0
omen,maps,r,shard,62,44.0
omen,maps,r,shard,63,45.0
omen,maps,r,shard,64,45.0
omen,maps,r,shard,7,42.0
omen,maps,r,shard,8,43.0
omen,maps,r,shard,9,43.0
omen,maps,r,work,1,41.0
omen,maps,r,work,10,43.0
omen,maps,r,work,11,44.0
omen,maps,r,work,12,43.0
omen,maps,r,work,13,43.0
omen,maps,r,work,14,43.0
omen,maps,r,work,15,44.0
omen,maps,r,work,16,42.0
omen,maps,r,work,17,43.0
omen,maps,r,work,18,43.0
omen,maps,r,work,19,44.0
omen,maps,r,work,2,42.0
omen,maps,r,work,20,45.0
omen,maps,r,work,21,44.0
omen,maps,r,work,22,42.0
omen,maps,r,work,23,42.0
omen,maps,r,work,24,44.0
omen,maps,r,work,25,42.0
omen,maps,r,work,26,42.0
omen,maps,r,work,27,44.0
omen,maps,r,work,28,43.0
omen,maps,r,work,29,43.0
omen,maps,r,work,3,43.0
omen,maps,r,work,30,43.0
omen,maps,r,work,31,43.0
omen,maps,r,work,32,44.0
omen,maps,r,work,33,44.0
omen,maps,r,work,34,44.0
omen,maps,r,work,35,44.0
omen,maps,r,work,36,42.0
omen,maps,r,work,37,43.0
omen,maps,r,work,38,44.0
omen,maps,r,work,39,44.0
omen,maps,r,work,4,43.0
omen,maps,r,work,40,44.0
omen,maps,r,work,41,44.0
omen,maps,r,work,42,44.0
omen,maps,r,work,43,44.0
omen,maps,r,work,44,45.0
omen,maps,r,work,45,44.0
omen,maps,r,work,46,44.0
omen,maps,r,work,47,43.0
omen,maps,r,work,48,44.0
omen,maps,r,work,49,44.0
omen,maps,r,work,5,43.0
omen,maps,r,work,50,43.0
omen,maps,r,work,51,44.0
omen,maps,r,work,52,44.0
omen,maps,r,work,53,44.0
omen,maps,r,work,54,43.0
omen,maps,r,work,55,44.0
omen,maps,r,work,56,44.0
omen,maps,r,work,57,46.0
omen,maps,r,work,58,45.0
omen,maps,r,work,59,44.0
omen,maps,r,work,6,44.0
omen,maps,r,work,60,43.0
omen,maps,r,work,61,43.0
omen,maps,r,work,62,44.0
omen,maps,r,work,63,44.0
omen,maps,r,work,64,44.0
omen,maps,r,work,7,42.0
omen,maps,r,work,8,43.0
omen,maps,r,work,9,42.0
omen,maps,rw,central,1,59.0
omen,maps,rw,central,10,60.0
omen,maps,rw,central,11,60.0
omen,maps,rw,central,12,61.0
omen,maps,rw,central,13,61.0
omen,maps,rw,central,14,60.0
omen,maps,rw,central,15,60.0
omen,maps,rw,central,16,60.0
omen,maps,rw,central,17,60.0
omen,maps,rw,central,18,62.0
omen,maps,rw,central,19,61.0
omen,maps,rw,central,2,59.0
omen,maps,rw,central,20,60.0
omen,maps,rw,central,21,61.0
omen,maps,rw,central,22,61.0
omen,maps,rw,central,23,60.0
omen,maps,rw,central,24,61.0
omen,maps,rw,central,25,62.0
omen,maps,rw,central,26,60.0
omen,maps,rw,central,27,60.0
omen,maps,rw,central,28,60.0
omen,maps,rw,central,29,60.0
omen,maps,rw,central,3,60.0
omen,maps,rw,central,30,59.0
omen,maps,rw,central,31,60.0
omen,maps,rw,central,32,61.0
omen,maps,rw,central,33,61.0
omen,maps,rw,central,34,60.0
omen,maps,rw,central,35,61.0
omen,maps,rw,central,36,59.0
omen,maps,rw,central,37,61.0
omen,maps,rw,central,38,59.0
omen,maps,rw,central,39,60.0
omen,maps,rw,central,4,60.0
omen,maps,rw,central,40,60.0
omen,maps,rw,central,41,62.0
omen,maps,rw,central,42,60.0
omen,maps,rw,central,43,59.0
omen,maps,rw,central,44,61.0
omen,maps,rw,central,45,61.0
omen,maps,rw,central,46,59.0
omen,maps,rw,central,47,61.0
omen,maps,rw,central,48,60.0
omen,maps,rw,central,49,62.0
omen,maps,rw,central,5,60.0
omen,maps,rw,central,50,61.0
omen,maps,rw,central,51,60.0
omen,maps,rw,central,52,61.0
omen,maps,rw,central,53,60.0
omen,maps,rw,central,54,61.0
omen,maps,rw,central,55,61.0
omen,maps,rw,central,56,60.0
omen,maps,rw,central,57,61.0
omen,maps,rw,central,58,61.0
omen,maps,rw,central,59,59.0
omen,maps,rw,central,6,59.0
omen,maps,rw,central,60,60.0
omen,maps,rw,central,61,60.0
omen,maps,rw,central,62,61.0
omen,maps,rw,central,63,61.0
omen,maps,rw,central,64,61.0
omen,maps,rw,central,7,61.0
omen,maps,rw,central,8,60.0
omen,maps,rw,central,9,60.0
omen,maps,rw,shard,1,41.0
omen,maps,rw,shard,10,43.0
omen,maps,rw,shard,11,44.0
omen,maps,rw,shard,12,43.0
omen,maps,rw,shard,13,42.0
omen,maps,rw,shard,14,43.0
omen,maps,rw,shard,15,42.0
omen,maps,rw,shard,16,43.0
omen,maps,rw,shard,17,43.0
omen,maps,rw,shard,18,43.0
omen,maps,rw,shard,19,42.0
omen,maps,rw,shard,2,43.0
omen,maps,rw,shard,20,43.0
omen,maps,rw,shard,21,44.0
omen,maps,rw,shard,22,42.0
omen,maps,rw,shard,23,42.0
omen,maps,rw,shard,24,42.0
omen,maps,rw,shard,25,43.0
omen,maps,rw,shard,26,45.0
omen,maps,rw,shard,27,43.0
omen,maps,rw,shard,28,42.0
omen,maps,rw,shard,29,43.0
omen,maps,rw,shard,3,42.0
omen,maps,rw,shard,30,43.0
omen,maps,rw,shard,31,44.0
omen,maps,rw,shard,32,43.0
omen,maps,rw,shard,33,43.0
omen,maps,rw,shard,34,43.0
omen,maps,rw,shard,35,43.0
omen,maps,rw,shard,36,43.0
omen,maps,rw,shard,37,43.0
omen,maps,rw,shard,38,44.0
omen,maps,rw,shard,39,43.0
omen,maps,rw,shard,4,43.0
omen,maps,rw,shard,40,43.0
omen,maps,rw,shard,41,43.0
omen,maps,rw,shard,42,45.0
omen,maps,rw,shard,43,43.0
omen,maps,rw,shard,44,43.0
omen,maps,rw,shard,45,43.0
omen,maps,rw,shard,46,45.0
omen,maps,rw,shard,47,44.0
omen,maps,rw,shard,48,46.0
omen,maps,rw,shard,49,43.0
omen,maps,rw,shard,5,43.0
omen,maps,rw,shard,50,44.0
omen,maps,rw,shard,51,45.0
omen,maps,rw,shard,52,44.0
omen,maps,rw,shard,53,44.0
omen,maps,rw,shard,54,44.0
omen,maps,rw,shard,55,44.0
omen,maps,rw,shard,56,45.0
omen,maps,rw,shard,57,44.0
omen,maps,rw,shard,58,44.0
omen,maps,rw,shard,59,43.0
omen,maps,rw,shard,6,43.0
omen,maps,rw,shard,60,42.0
omen,maps,rw,shard,61,44.0
omen,maps,rw,shard,62,45.0
omen,maps,rw,shard,63,45.0
omen,maps,rw,shard,64,44.0
omen,maps,rw,shard,7,44.0
omen,maps,rw,shard,8,42.0
omen,maps,rw,shard,9,42.0
omen,maps,rw,work,1,44.0
omen,maps,rw,work,10,43.0
omen,maps,rw,work,11,43.0
omen,maps,rw,work,12,43.0
omen,maps,rw,work,13,44.0
omen,maps,rw,work,14,43.0
omen,maps,rw,work,15,46.0
omen,maps,rw,work,16,43.0
omen,maps,rw,work,17,44.0
omen,maps,rw,work,18,42.0
omen,maps,rw,work,19,41.0
omen,maps,rw,work,2,41.0
omen,maps,rw,work,20,44.0
omen,maps,rw,work,21,43.0
omen,maps,rw,work,22,43.0
omen,maps,rw,work,23,43.0
omen,maps,rw,work,24,42.0
omen,maps,rw,work,25,43.0
omen,maps,rw,work,26,43.0
omen,maps,rw,work,27,44.0
omen,maps,rw,work,28,45.0
omen,maps,rw,work,29,43.0
omen,maps,rw,work,3,43.0
omen,maps,rw,work,30,43.0
omen,maps,rw,work,31,44.0
omen,maps,rw,work,32,41.0
omen,maps,rw,work,33,43.0
omen,maps,rw,work,34,42.0
omen,maps,rw,work,35,44.0
omen,maps,rw,work,36,43.0
omen,maps,rw,work,37,42.0
omen,maps,rw,work,38,43.0
omen,maps,rw,work,39,42.0
omen,maps,rw,work,4,42.0
omen,maps,rw,work,40,44.0
omen,maps,rw,work,41,43.0
omen,maps,rw,work,42,45.0
omen,maps,rw,work,43,42.0
omen,maps,rw,work,44,44.0
omen,maps,rw,work,45,45.0
omen,maps,rw,work,46,45.0
omen,maps,rw,work,47,45.0
omen,maps,rw,work,48,43.0
omen,maps,rw,work,49,43.0
omen,maps,rw,work,5,43.0
omen,maps,rw,work,50,42.0
omen,maps,rw,work,51,45.0
omen,maps,rw,work,52,45.0
omen,maps,rw,work,53,45.0
omen,maps,rw,work,54,45.0
omen,maps,rw,work,55,44.0
omen,maps,rw,work,56,44.0
omen,maps,rw,work,57,44.0
omen,maps,rw,work,58,44.0
omen,maps,rw,work,59,44.0
omen,maps,rw,work,6,42.0
omen,maps,rw,work,60,45.0
omen,maps,rw,work,61,45.0
omen,maps,rw,work,62,44.0
omen,maps,rw,work,63,45.0
omen,maps,rw,work,64,44.0
omen,maps,rw,work,7,43.0
omen,maps,rw,work,8,43.0
omen,maps,rw,work,9,44.0
omen,maps,mix,central,1,60.0
omen,maps,mix,central,10,59.0
omen,maps,mix,central,11,66.0
omen,maps,mix,central,12,60.0
omen,maps,mix,central,13,61.0
omen,maps,mix,central,14,62.0
omen,maps,mix,central,15,60.0
omen,maps,mix,central,16,59.0
omen,maps,mix,central,17,62.0
omen,maps,mix,central,18,61.0
omen,maps,mix,central,19,60.0
omen,maps,mix,central,2,60.0
omen,maps,mix,central,20,60.0
omen,maps,mix,central,21,60.0
omen,maps,mix,central,22,61.0
omen,maps,mix,central,23,60.0
omen,maps,mix,central,24,59.0
omen,maps,mix,central,25,63.0
omen,maps,mix,central,26,60.0
omen,maps,mix,central,27,60.0
omen,maps,mix,central,28,60.0
omen,maps,mix,central,29,60.0
omen,maps,mix,central,3,58.0
omen,maps,mix,central,30,60.0
omen,maps,mix,central,31,60.0
omen,maps,mix,central,32,60.0
omen,maps,mix,central,33,60.0
omen,maps,mix,central,34,62.0
omen,maps,mix,central,35,61.0
omen,maps,mix,central,36,59.0
omen,maps,mix,central,37,59.0
omen,maps,mix,central,38,60.0
omen,maps,mix,central,39,60.0
omen,maps,mix,central,4,61.0
omen,maps,mix,central,40,59.0
omen,maps,mix,central,41,59.0
omen,maps,mix,central,42,59.0
omen,maps,mix,central,43,60.0
omen,maps,mix,central,44,59.0
omen,maps,mix,central,45,59.0
omen,maps,mix,central,46,60.0
omen,maps,mix,central,47,62.0
omen,maps,mix,central,48,60.0
omen,maps,mix,central,49,62.0
omen,maps,mix,central,5,60.0
omen,maps,mix,central,50,61.0
omen,maps,mix,central,51,60.0
omen,maps,mix,central,52,61.0
omen,maps,mix,central,53,59.0
omen,maps,mix,central,54,61.0
omen,maps,mix,central,55,62.0
omen,maps,mix,central,56,60.0
omen,maps,mix,central,57,61.0
omen,maps,mix,central,58,62.0
omen,maps,mix,central,59,62.0
omen,maps,mix,central,6,60.0
omen,maps,mix,central,60,61.0
omen,maps,mix,central,61,59.0
omen,maps,mix,central,62,60.0
omen,maps,mix,central,63,61.0
omen,maps,mix,central,64,60.0
omen,maps,mix,central,7,60.0
omen,maps,mix,central,8,61.0
omen,maps,mix,central,9,60.0
omen,maps,mix,shard,1,41.0
omen,maps,mix,shard,10,44.0
omen,maps,mix,shard,11,42.0
omen,maps,mix,shard,12,43.0
omen,maps,mix,shard,13,44.0
omen,maps,mix,shard,14,43.0
omen,maps,mix,shard,15,43.0
omen,maps,mix,shard,16,44.0
omen,maps,mix,shard,17,43.0
omen,maps,mix,shard,18,43.0
omen,maps,mix,shard,19,42.0
omen,maps,mix,shard,2,41.0
omen,maps,mix,shard,20,44.0
omen,maps,mix,shard,21,43.0
omen,maps,mix,shard,22,43.0
omen,maps,mix,shard,23,42.0
omen,maps,mix,shard,24,43.0
omen,maps,mix,shard,25,43.0
omen,maps,mix,shard,26,43.0
omen,maps,mix,shard,27,43.0
omen,maps,mix,shard,28,43.0
omen,maps,mix,shard,29,45.0
omen,maps,mix,shard,3,43.0
omen,maps,mix,shard,30,41.0
omen,maps,mix,shard,31,44.0
omen,maps,mix,shard,32,43.0
omen,maps,mix,shard,33,44.0
omen,maps,mix,shard,34,42.0
omen,maps,mix,shard,35,44.0
omen,maps,mix,shard,36,44.0
omen,maps,mix,shard,37,42.0
omen,maps,mix,shard,38,44.0
omen,maps,mix,shard,39,44.0
omen,maps,mix,shard,4,43.0
omen,maps,mix,shard,40,43.0
omen,maps,mix,shard,41,41.0
omen,maps,mix,shard,42,43.0
omen,maps,mix,shard,43,42.0
omen,maps,mix,shard,44,43.0
omen,maps,mix,shard,45,43.0
omen,maps,mix,shard,46,42.0
omen,maps,mix,shard,47,43.0
omen,maps,mix,shard,48,44.0
omen,maps,mix,shard,49,43.0
omen,maps,mix,shard,5,43.0
omen,maps,mix,shard,50,43.0
omen,maps,mix,shard,51,44.0
omen,maps,mix,shard,52,44.0
omen,maps,mix,shard,53,45.0
omen,maps,mix,shard,54,43.0
omen,maps,mix,shard,55,43.0
omen,maps,mix,shard,56,43.0
omen,maps,mix,shard,57,44.0
omen,maps,mix,shard,58,44.0
omen,maps,mix,shard,59,44.0
omen,maps,mix,shard,6,42.0
omen,maps,mix,shard,60,44.0
omen,maps,mix,shard,61,43.0
omen,maps,mix,shard,62,45.0
omen,maps,mix,shard,63,47.0
omen,maps,mix,shard,64,44.0
omen,maps,mix,shard,7,43.0
omen,maps,mix,shard,8,42.0
omen,maps,mix,shard,9,43.0
omen,maps,mix,work,1,43.0
omen,maps,mix,work,10,44.0
omen,maps,mix,work,11,45.0
omen,maps,mix,work,12,43.0
omen,maps,mix,work,13,43.0
omen,maps,mix,work,14,44.0
omen,maps,mix,work,15,43.0
omen,maps,mix,work,16,44.0
omen,maps,mix,work,17,42.0
omen,maps,mix,work,18,43.0
omen,maps,mix,work,19,43.0
omen,maps,mix,work,2,43.0
omen,maps,mix,work,20,43.0
omen,maps,mix,work,21,42.0
omen,maps,mix,work,22,45.0
omen,maps,mix,work,23,44.0
omen,maps,mix,work,24,43.0
omen,maps,mix,work,25,43.0
omen,maps,mix,work,26,43.0
omen,maps,mix,work,27,43.0
omen,maps,mix,work,28,43.0
omen,maps,mix,work,29,44.0
omen,maps,mix,work,3,43.0
omen,maps,mix,work,30,43.0
omen,maps,mix,work,31,43.0
omen,maps,mix,work,32,44.0
omen,maps,mix,work,33,44.0
omen,maps,mix,work,34,43.0
omen,maps,mix,work,35,42.0
omen,maps,mix,work,36,44.0
omen,maps,mix,work,37,44.0
omen,maps,mix,work,38,44.0
omen,maps,mix,work,39,43.0
omen,maps,mix,work,4,43.0
omen,maps,mix,work,40,43.0
omen,maps,mix,work,41,43.0
omen,maps,mix,work,42,43.0
omen,maps,mix,work,43,43.0
omen,maps,mix,work,44,44.0
omen,maps,mix,work,45,45.0
omen,maps,mix,work,46,45.0
omen,maps,mix,work,47,44.0
omen,maps,mix,work,48,42.0
omen,maps,mix,work,49,43.0
omen,maps,mix,work,5,43.0
omen,maps,mix,work,50,47.0
omen,maps,mix,work,51,44.0
omen,maps,mix,work,52,44.0
omen,maps,mix,work,53,45.0
omen,maps,mix,work,54,43.0
omen,maps,mix,work,55,45.0
omen,maps,mix,work,56,44.0
omen,maps,mix,work,57,44.0
omen,maps,mix,work,58,43.0
omen,maps,mix,work,59,45.0
omen,maps,mix,work,6,42.0
omen,maps,mix,work,60,43.0
omen,maps,mix,work,61,45.0
omen,maps,mix,work,62,43.0
omen,maps,mix,work,63,44.0
omen,maps,mix,work,64,42.0
omen,maps,mix,work,7,43.0
omen,maps,mix,work,8,42.0
omen,maps,mix,work,9,42.0
omen,dict,r,central,1,58.0
omen,dict,r,central,10,62.0
omen,dict,r,central,11,61.0
omen,dict,r,central,12,61.0
omen,dict,r,central,13,59.0
omen,dict,r,central,14,60.0
omen,dict,r,central,15,60.0
omen,dict,r,central,16,60.0
omen,dict,r,central,17,62.0
omen,dict,r,central,18,59.0
omen,dict,r,central,19,61.0
omen,dict,r,central,2,60.0
omen,dict,r,central,20,60.0
omen,dict,r,central,21,61.0
omen,dict,r,central,22,62.0
omen,dict,r,central,23,59.0
omen,dict,r,central,24,61.0
omen,dict,r,central,25,60.0
omen,dict,r,central,26,61.0
omen,dict,r,central,27,62.0
omen,dict,r,central,28,60.0
omen,dict,r,central,29,63.0
omen,dict,r,central,3,60.0
omen,dict,r,central,30,60.0
omen,dict,r,central,31,61.0
omen,dict,r,central,32,59.0
omen,dict,r,central,33,60.0
omen,dict,r,central,34,61.0
omen,dict,r,central,35,60.0
omen,dict,r,central,36,61.0
omen,dict,r,central,37,62.0
omen,dict,r,central,38,60.0
omen,dict,r,central,39,62.0
omen,dict,r,central,4,62.0
omen,dict,r,central,40,61.0
omen,dict,r,central,41,59.0
omen,dict,r,central,42,60.0
omen,dict,r,central,43,60.0
omen,dict,r,central,44,59.0
omen,dict,r,central,45,61.0
omen,dict,r,central,46,62.0
omen,dict,r,central,47,59.0
omen,dict,r,central,48,60.0
omen,dict,r,central,49,60.0
omen,dict,r,central,5,59.0
omen,dict,r,central,50,61.0
omen,dict,r,central,51,60.0
omen,dict,r,central,52,62.0
omen,dict,r,central,53,61.0
omen,dict,r,central,54,60.0
omen,dict,r,central,55,60.0
omen,dict,r,central,56,62.0
omen,dict,r,central,57,60.0
omen,dict,r,central,58,60.0
omen,dict,r,central,59,60.0
omen,dict,r,central,6,59.0
omen,dict,r,central,60,61.0
omen,dict,r,central,61,60.0
omen,dict,r,central,62,61.0
omen,dict,r,central,63,62.0
omen,dict,r,central,64,62.0
omen,dict,r,central,7,61.0
omen,dict,r,central,8,58.0
omen,dict,r,central,9,59.0
omen,dict,r,shard,1,53.0
omen,dict,r,shard,10,54.0
omen,dict,r,shard,11,55.0
omen,dict,r,shard,12,54.0
omen,dict,r,shard,13,55.0
omen,dict,r,shard,14,53.0
omen,dict,r,shard,15,55.0
omen,dict,r,shard,16,55.0
omen,dict,r,shard,17,54.0
omen,dict,r,shard,18,53.0
omen,dict,r,shard,19,54.0
omen,dict,r,shard,2,53.0
omen,dict,r,shard,20,54.0
omen,dict,r,shard,21,55.0
omen,dict,r,shard,22,55.0
omen,dict,r,shard,23,56.0
omen,dict,r,shard,24,53.0
omen,dict,r,shard,25,55.0
omen,dict,r,shard,26,54.0
omen,dict,r,shard,27,59.0
omen,dict,r,shard,28,54.0
omen,dict,r,shard,29,55.0
omen,dict,r,shard,3,53.0
omen,dict,r,shard,30,54.0
omen,dict,r,shard,31,54.0
omen,dict,r,shard,32,64.0
omen,dict,r,shard,33,54.0
omen,dict,r,shard,34,55.0
omen,dict,r,shard,35,55.0
omen,dict,r,shard,36,54.0
omen,dict,r,shard,37,62.0
omen,dict,r,shard,38,54.0
omen,dict,r,shard,39,55.0
omen,dict,r,shard,4,54.0
omen,dict,r,shard,40,55.0
omen,dict,r,shard,41,54.0
omen,dict,r,shard,42,55.0
omen,dict,r,shard,43,54.0
omen,dict,r,shard,44,55.0
omen,dict,r,shard,45,56.0
omen,dict,r,shard,46,54.0
omen,dict,r,shard,47,55.0
omen,dict,r,shard,48,55.0
omen,dict,r,shard,49,56.0
omen,dict,r,shard,5,56.0
omen,dict,r,shard,50,55.0
omen,dict,r,shard,51,55.0
omen,dict,r,shard,52,55.0
omen,dict,r,shard,53,58.0
omen,dict,r,shard,54,55.0
omen,dict,r,shard,55,54.0
omen,dict,r,shard,56,54.0
omen,dict,r,shard,57,55.0
omen,dict,r,shard,58,55.0
omen,dict,r,shard,59,56.0
omen,dict,r,shard,6,54.0
omen,dict,r,shard,60,55.0
omen,dict,r,shard,61,55.0
omen,dict,r,shard,62,56.0
omen,dict,r,shard,63,55.0
omen,dict,r,shard,64,54.0
omen,dict,r,shard,7,53.0
omen,dict,r,shard,8,53.0
omen,dict,r,shard,9,657.0
omen,dict,r,work,1,53.0
omen,dict,r,work,10,57.0
omen,dict,r,work,11,55.0
omen,dict,r,work,12,55.0
omen,dict,r,work,13,54.0
omen,dict,r,work,14,54.0
omen,dict,r,work,15,55.0
omen,dict,r,work,16,53.0
omen,dict,r,work,17,54.0
omen,dict,r,work,18,54.0
omen,dict,r,work,19,55.0
omen,dict,r,work,2,54.0
omen,dict,r,work,20,55.0
omen,dict,r,work,21,55.0
omen,dict,r,work,22,56.0
omen,dict,r,work,23,55.0
omen,dict,r,work,24,54.0
omen,dict,r,work,25,54.0
omen,dict,r,work,26,54.0
omen,dict,r,work,27,57.0
omen,dict,r,work,28,56.0
omen,dict,r,work,29,56.0
omen,dict,r,work,3,53.0
omen,dict,r,work,30,55.0
omen,dict,r,work,31,55.0
omen,dict,r,work,32,53.0
omen,dict,r,work,33,55.0
omen,dict,r,work,34,55.0
omen,dict,r,work,35,55.0
omen,dict,r,work,36,55.0
omen,dict,r,work,37,57.0
omen,dict,r,work,38,54.0
omen,dict,r,work,39,55.0
omen,dict,r,work,4,54.0
omen,dict,r,work,40,56.0
omen,dict,r,work,41,56.0
omen,dict,r,work,42,55.0
omen,dict,r,work,43,55.0
omen,dict,r,work,44,55.0
omen,dict,r,work,45,55.0
omen,dict,r,work,46,56.0
omen,dict,r,work,47,55.0
omen,dict,r,work,48,57.0
omen,dict,r,work,49,54.0
omen,dict,r,work,5,54.0
omen,dict,r,work,50,54.0
omen,dict,r,work,51,55.0
omen,dict,r,work,52,56.0
omen,dict,r,work,53,56.0
omen,dict,r,work,54,56.0
omen,dict,r,work,55,56.0
omen,dict,r,work,56,56.0
omen,dict,r,work,57,54.0
omen,dict,r,work,58,56.0
omen,dict,r,work,59,56.0
omen,dict,r,work,6,55.0
omen,dict,r,work,60,55.0
omen,dict,r,work,61,56.0
omen,dict,r,work,62,55.0
omen,dict,r,work,63,55.0
omen,dict,r,work,64,57.0
omen,dict,r,work,7,54.0
omen,dict,r,work,8,54.0
omen,dict,r,work,9,170.0
omen,dict,rw,central,1,59.0
omen,dict,rw,central,10,58.0
omen,dict,rw,central,11,62.0
omen,dict,rw,central,12,61.0
omen,dict,rw,central,13,60.0
omen,dict,rw,central,14,61.0
omen,dict,rw,central,15,61.0
omen,dict,rw,central,16,62.0
omen,dict,rw,central,17,59.0
omen,dict,rw,central,18,61.0
omen,dict,rw,central,19,61.0
omen,dict,rw,central,2,61.0
omen,dict,rw,central,20,61.0
omen,dict,rw,central,21,60.0
omen,dict,rw,central,22,59.0
omen,dict,rw,central,23,60.0
omen,dict,rw,central,24,60.0
omen,dict,rw,central,25,61.0
omen,dict,rw,central,26,61.0
omen,dict,rw,central,27,62.0
omen,dict,rw,central,28,62.0
omen,dict,rw,central,29,64.0
omen,dict,rw,central,3,58.0
omen,dict,rw,central,30,62.0
omen,dict,rw,central,31,61.0
omen,dict,rw,central,32,59.0
omen,dict,rw,central,33,61.0
omen,dict,rw,central,34,59.0
omen,dict,rw,central,35,60.0
omen,dict,rw,central,36,60.0
omen,dict,rw,central,37,60.0
omen,dict,rw,central,38,59.0
omen,dict,rw,central,39,59.0
omen,dict,rw,central,4,60.0
omen,dict,rw,central,40,60.0
omen,dict,rw,central,41,61.0
omen,dict,rw,central,42,61.0
omen,dict,rw,central,43,60.0
omen,dict,rw,central,44,58.0
omen,dict,rw,central,45,60.0
omen,dict,rw,central,46,61.0
omen,dict,rw,central,47,61.0
omen,dict,rw,central,48,60.0
omen,dict,rw,central,49,62.0
omen,dict,rw,central,5,60.0
omen,dict,rw,central,50,60.0
omen,dict,rw,central,51,60.0
omen,dict,rw,central,52,61.0
omen,dict,rw,central,53,60.0
omen,dict,rw,central,54,60.0
omen,dict,rw,central,55,60.0
omen,dict,rw,central,56,60.0
omen,dict,rw,central,57,61.0
omen,dict,rw,central,58,61.0
omen,dict,rw,central,59,60.0
omen,dict,rw,central,6,61.0
omen,dict,rw,central,60,61.0
omen,dict,rw,central,61,60.0
omen,dict,rw,central,62,60.0
omen,dict,rw,central,63,60.0
omen,dict,rw,central,64,61.0
omen,dict,rw,central,7,60.0
omen,dict,rw,central,8,61.0
omen,dict,rw,central,9,61.0
omen,dict,rw,shard,1,54.0
omen,dict,rw,shard,10,66.0
omen,dict,rw,shard,11,56.0
omen,dict,rw,shard,12,54.0
omen,dict,rw,shard,13,55.0
omen,dict,rw,shard,14,57.0
omen,dict,rw,shard,15,55.0
omen,dict,rw,shard,16,57.0
omen,dict,rw,shard,17,54.0
omen,dict,rw,shard,18,54.0
omen,dict,rw,shard,19,54.0
omen,dict,rw,shard,2,53.0
omen,dict,rw,shard,20,55.0
omen,dict,rw,shard,21,54.0
omen,dict,rw,shard,22,55.0
omen,dict,rw,shard,23,55.0
omen,dict,rw,shard,24,55.0
omen,dict,rw,shard,25,54.0
omen,dict,rw,shard,26,59.0
omen,dict,rw,shard,27,54.0
omen,dict,rw,shard,28,57.0
omen,dict,rw,shard,29,55.0
omen,dict,rw,shard,3,53.0
omen,dict,rw,shard,30,56.0
omen,dict,rw,shard,31,54.0
omen,dict,rw,shard,32,55.0
omen,dict,rw,shard,33,54.0
omen,dict,rw,shard,34,54.0
omen,dict,rw,shard,35,54.0
omen,dict,rw,shard,36,55.0
omen,dict,rw,shard,37,54.0
omen,dict,rw,shard,38,55.0
omen,dict,rw,shard,39,55.0
omen,dict,rw,shard,4,54.0
omen,dict,rw,shard,40,55.0
omen,dict,rw,shard,41,55.0
omen,dict,rw,shard,42,56.0
omen,dict,rw,shard,43,54.0
omen,dict,rw,shard,44,54.0
omen,dict,rw,shard,45,54.0
omen,dict,rw,shard,46,55.0
omen,dict,rw,shard,47,55.0
omen,dict,rw,shard,48,56.0
omen,dict,rw,shard,49,55.0
omen,dict,rw,shard,5,56.0
omen,dict,rw,shard,50,54.0
omen,dict,rw,shard,51,55.0
omen,dict,rw,shard,52,56.0
omen,dict,rw,shard,53,56.0
omen,dict,rw,shard,54,56.0
omen,dict,rw,shard,55,55.0
omen,dict,rw,shard,56,56.0
omen,dict,rw,shard,57,55.0
omen,dict,rw,shard,58,57.0
omen,dict,rw,shard,59,55.0
omen,dict,rw,shard,6,54.0
omen,dict,rw,shard,60,56.0
omen,dict,rw,shard,61,56.0
omen,dict,rw,shard,62,56.0
omen,dict,rw,shard,63,55.0
omen,dict,rw,shard,64,58.0
omen,dict,rw,shard,7,54.0
omen,dict,rw,shard,8,53.0
omen,dict,rw,shard,9,54.0
omen,dict,rw,work,1,53.0
omen,dict,rw,work,10,57.0
omen,dict,rw,work,11,53.0
omen,dict,rw,work,12,60.0
omen,dict,rw,work,13,54.0
omen,dict,rw,work,14,54.0
omen,dict,rw,work,15,55.0
omen,dict,rw,work,16,55.0
omen,dict,rw,work,17,54.0
omen,dict,rw,work,18,54.0
omen,dict,rw,work,19,55.0
omen,dict,rw,work,2,54.0
omen,dict,rw,work,20,56.0
omen,dict,rw,work,21,57.0
omen,dict,rw,work,22,54.0
omen,dict,rw,work,23,56.0
omen,dict,rw,work,24,55.0
omen,dict,rw,work,25,56.0
omen,dict,rw,work,26,65.0
omen,dict,rw,work,27,55.0
omen,dict,rw,work,28,56.0
omen,dict,rw,work,29,55.0
omen,dict,rw,work,3,54.0
omen,dict,rw,work,30,56.0
omen,dict,rw,work,31,54.0
omen,dict,rw,work,32,54.0
omen,dict,rw,work,33,55.0
omen,dict,rw,work,34,55.0
omen,dict,rw,work,35,56.0
omen,dict,rw,work,36,54.0
omen,dict,rw,work,37,55.0
omen,dict,rw,work,38,55.0
omen,dict,rw,work,39,55.0
omen,dict,rw,work,4,55.0
omen,dict,rw,work,40,55.0
omen,dict,rw,work,41,55.0
omen,dict,rw,work,42,54.0
omen,dict,rw,work,43,56.0
omen,dict,rw,work,44,58.0
omen,dict,rw,work,45,55.0
omen,dict,rw,work,46,55.0
omen,dict,rw,work,47,56.0
omen,dict,rw,work,48,58.0
omen,dict,rw,work,49,55.0
omen,dict,rw,work,5,54.0
omen,dict,rw,work,50,55.0
omen,dict,rw,work,51,54.0
omen,dict,rw,work,52,55.0
omen,dict,rw,work,53,55.0
omen,dict,rw,work,54,56.0
omen,dict,rw,work,55,54.0
omen,dict,rw,work,56,55.0
omen,dict,rw,work,57,55.0
omen,dict,rw,work,58,57.0
omen,dict,rw,work,59,55.0
omen,dict,rw,work,6,55.0
omen,dict,rw,work,60,56.0
omen,dict,rw,work,61,56.0
omen,dict,rw,work,62,56.0
omen,dict,rw,work,63,57.0
omen,dict,rw,work,64,55.0
omen,dict,rw,work,7,55.0
omen,dict,rw,work,8,58.0
omen,dict,rw,work,9,54.0
omen,dict,mix,central,1,61.0
omen,dict,mix,central,10,60.0
omen,dict,mix,central,11,60.0
omen,dict,mix,central,12,60.0
omen,dict,mix,central,13,59.0
omen,dict,mix,central,14,59.0
omen,dict,mix,central,15,60.0
omen,dict,mix,central,16,61.0
omen,dict,mix,central,17,60.0
omen,dict,mix,central,18,59.0
omen,dict,mix,central,19,59.0
omen,dict,mix,central,2,59.0
omen,dict,mix,central,20,60.0
omen,dict,mix,central,21,60.0
omen,dict,mix,central,22,61.0
omen,dict,mix,central,23,61.0
omen,dict,mix,central,24,59.0
omen,dict,mix,central,25,61.0
omen,dict,mix,central,26,61.0
omen,dict,mix,central,27,60.0
omen,dict,mix,central,28,60.0
omen,dict,mix,central,29,61.0
omen,dict,mix,central,3,60.0
omen,dict,mix,central,30,59.0
omen,dict,mix,central,31,60.0
omen,dict,mix,central,32,61.0
omen,dict,mix,central,33,59.0
omen,dict,mix,central,34,60.0
omen,dict,mix,central,35,61.0
omen,dict,mix,central,36,60.0
omen,dict,mix,central,37,60.0
omen,dict,mix,central,38,59.0
omen,dict,mix,central,39,59.0
omen,dict,mix,central,4,58.0
omen,dict,mix,central,40,61.0
omen,dict,mix,central,41,62.0
omen,dict,mix,central,42,61.0
omen,dict,mix,central,43,61.0
omen,dict,mix,central,44,60.0
omen,dict,mix,central,45,61.0
omen,dict,mix,central,46,59.0
omen,dict,mix,central,47,62.0
omen,dict,mix,central,48,61.0
omen,dict,mix,central,49,60.0
omen,dict,mix,central,5,60.0
omen,dict,mix,central,50,60.0
omen,dict,mix,central,51,62.0
omen,dict,mix,central,52,60.0
omen,dict,mix,central,53,60.0
omen,dict,mix,central,54,60.0
omen,dict,mix,central,55,60.0
omen,dict,mix,central,56,62.0
omen,dict,mix,central,57,59.0
omen,dict,mix,central,58,61.0
omen,dict,mix,central,59,61.0
omen,dict,mix,central,6,61.0
omen,dict,mix,central,60,61.0
omen,dict,mix,central,61,61.0
omen,dict,mix,central,62,60.0
omen,dict,mix,central,63,60.0
omen,dict,mix,central,64,60.0
omen,dict,mix,central,7,60.0
omen,dict,mix,central,8,60.0
omen,dict,mix,central,9,59.0
omen,dict,mix,shard,1,52.0
omen,dict,mix,shard,10,55.0
omen,dict,mix,shard,11,54.0
omen,dict,mix,shard,12,55.0
omen,dict,mix,shard,13,55.0
omen,dict,mix,shard,14,54.0
omen,dict,mix,shard,15,54.0
omen,dict,mix,shard,16,54.0
omen,dict,mix,shard,17,53.0
omen,dict,mix,shard,18,54.0
omen,dict,mix,shard,19,54.0
omen,dict,mix,shard,2,54.0
omen,dict,mix,shard,20,54.0
omen,dict,mix,shard,21,54.0
omen,dict,mix,shard,22,54.0
omen,dict,mix,shard,23,55.0
omen,dict,mix,shard,24,56.0
omen,dict,mix,shard,25,54.0
omen,dict,mix,shard,26,59.0
omen,dict,mix,shard,27,56.0
omen,dict,mix,shard,28,54.0
omen,dict,mix,shard,29,55.0
omen,dict,mix,shard,3,53.0
omen,dict,mix,shard,30,54.0
omen,dict,mix,shard,31,54.0
omen,dict,mix,shard,32,54.0
omen,dict,mix,shard,33,54.0
omen,dict,mix,shard,34,55.0
omen,dict,mix,shard,35,55.0
omen,dict,mix,shard,36,54.0
omen,dict,mix,shard,37,55.0
omen,dict,mix,shard,38,55.0
omen,dict,mix,shard,39,55.0
omen,dict,mix,shard,4,54.0
omen,dict,mix,shard,40,56.0
omen,dict,mix,shard,41,55.0
omen,dict,mix,shard,42,54.0
omen,dict,mix,shard,43,55.0
omen,dict,mix,shard,44,56.0
omen,dict,mix,shard,45,55.0
omen,dict,mix,shard,46,55.0
omen,dict,mix,shard,47,55.0
omen,dict,mix,shard,48,54.0
omen,dict,mix,shard,49,55.0
omen,dict,mix,shard,5,53.0
omen,dict,mix,shard,50,55.0
omen,dict,mix,shard,51,56.0
omen,dict,mix,shard,52,55.0
omen,dict,mix,shard,53,55.0
omen,dict,mix,shard,54,178.0
omen,dict,mix,shard,55,56.0
omen,dict,mix,shard,56,55.0
omen,dict,mix,shard,57,55.0
omen,dict,mix,shard,58,55.0
omen,dict,mix,shard,59,55.0
omen,dict,mix,shard,6,53.0
omen,dict,mix,shard,60,55.0
omen,dict,mix,shard,61,56.0
omen,dict,mix,shard,62,55.0
omen,dict,mix,shard,63,55.0
omen,dict,mix,shard,64,55.0
omen,dict,mix,shard,7,55.0
omen,dict,mix,shard,8,55.0
omen,dict,mix,shard,9,53.0
omen,dict,mix,work,1,53.0
omen,dict,mix,work,10,56.0
omen,dict,mix,work,11,54.0
omen,dict,mix,work,12,54.0
omen,dict,mix,work,13,54.0
omen,dict,mix,work,14,53.0
omen,dict,mix,work,15,55.0
omen,dict,mix,work,16,55.0
omen,dict,mix,work,17,56.0
omen,dict,mix,work,18,54.0
omen,dict,mix,work,19,55.0
omen,dict,mix,work,2,54.0
omen,dict,mix,work,20,53.0
omen,dict,mix,work,21,56.0
omen,dict,mix,work,22,55.0
omen,dict,mix,work,23,53.0
omen,dict,mix,work,24,56.0
omen,dict,mix,work,25,56.0
omen,dict,mix,work,26,55.0
omen,dict,mix,work,27,56.0
omen,dict,mix,work,28,55.0
omen,dict,mix,work,29,55.0
omen,dict,mix,work,3,53.0
omen,dict,mix,work,30,55.0
omen,dict,mix,work,31,56.0
omen,dict,mix,work,32,54.0
omen,dict,mix,work,33,55.0
omen,dict,mix,work,34,54.0
omen,dict,mix,work,35,56.0
omen,dict,mix,work,36,54.0
omen,dict,mix,work,37,54.0
omen,dict,mix,work,38,56.0
omen,dict,mix,work,39,54.0
omen,dict,mix,work,4,54.0
omen,dict,mix,work,40,56.0
omen,dict,mix,work,41,54.0
omen,dict,mix,work,42,54.0
omen,dict,mix,work,43,54.0
omen,dict,mix,work,44,54.0
omen,dict,mix,work,45,56.0
omen,dict,mix,work,46,53.0
omen,dict,mix,work,47,55.0
omen,dict,mix,work,48,57.0
omen,dict,mix,work,49,56.0
omen,dict,mix,work,5,54.0
omen,dict,mix,work,50,55.0
omen,dict,mix,work,51,56.0
omen,dict,mix,work,52,54.0
omen,dict,mix,work,53,55.0
omen,dict,mix,work,54,59.0
omen,dict,mix,work,55,55.0
omen,dict,mix,work,56,54.0
omen,dict,mix,work,57,56.0
omen,dict,mix,work,58,56.0
omen,dict,mix,work,59,55.0
omen,dict,mix,work,6,55.0
omen,dict,mix,work,60,56.0
omen,dict,mix,work,61,56.0
omen,dict,mix,work,62,56.0
omen,dict,mix,work,63,55.0
omen,dict,mix,work,64,56.0
omen,dict,mix,work,7,55.0
omen,dict,mix,work,8,54.0
omen,dict,mix,work,9,54.0
